client,guest_name,location,check_in,check_out,client_ref,submitted_by,remarks,assignto_employee
sourav,sourav,kolkata,30 September 2017,03 January 1900,Ajay singh,sdfd,xfgxhss,1
vishal jaiswal,sourav mishra,kolkata,03 January 1900,03 January 1900,Ajay singh,fffsbsf,sgsgshsfb,1
vishal jaiswal,sourav mishra,kolkata,03 January 1900,03 January 1900,Ajay singh,fsgsf,dgdgsgs,1
shiv shankar,niraj,chennai,03 January 1900,03 January 1900,Ajay singh,ffb,fgrrsgs,1
vishal jaiswal,sourav mishra,Bangalore,03 January 1900,03 January 1900,Ajay singh,fbfb,bfggz,1
vishal jaiswal,sourav mishra,kolkata,03 January 1900,03 January 1900,Ajay singh,bzb,gsrg,1
vishal jaiswal,sourav mishra,Bangalore,03 January 1900,03 January 1900,Ajay singh,dzbgdzb,,1
vishal jaiswal,sourav mishra,Bangalore,03 January 1900,03 January 1900,Ajay singh,zdbzdb,,1
vishal jaiswal,sourav mishra,kolkata,03 January 1900,03 January 1900,Ajay singh,zbzb,,1
vishal jaiswal,sourav mishra,Bangalore,03 January 1900,03 January 1900,Ajay singh,zbzb,,1
vishal jaiswal,sourav mishra,Bangalore,03 January 1900,03 January 1900,Ajay singh,zbzb,,1
,,,03 January 1900,03 January 1900,Ajay singh,bzb,,1
vishal jaiswal,sourav mishra,Bangalore,03 January 1900,03 January 1900,Ajay singh,zbzb,,1
vishal jaiswal,sourav mishra,Bangalore,03 January 1900,03 January 1900,Ajay singh,cbzzcb,,1
vishal jaiswal,sourav mishra,Bangalore,03 January 1900,03 January 1900,Ajay singh,zbzcbz,,1
vishal jaiswal,sourav mishra,chennai,03 January 1900,03 January 1900,Ajay singh,zbddzg,,1
vishal jaiswal,sourav mishra,Bangalore,03 January 1900,03 January 1900,Ajay singh,dzgdzg,,1
vishal jaiswal,sourav mishra,Bangalore,03 January 1900,03 January 1900,Ajay singh,dzgdg,,1
vishal jaiswal,sourav mishra,Bangalore,03 January 1900,03 January 1900,Ajay singh,dvgdg,,1
vishal jaiswal,sourav mishra,Bangalore,03 January 1900,03 January 1900,Ajay singh,dgdzb,,1
vishal jaiswal,sourav mishra,chennai,03 January 1900,03 January 1900,Ajay singh,dzgdb,,1
vishal jaiswal,sourav mishra,Bangalore,03 January 1900,03 January 1900,Ajay singh,dgdzb,,1
vishal jaiswal,sourav mishra,Bangalore,03 January 1900,03 January 1900,Ajay singh,ddgdg,,1
vishal jaiswal,sourav mishra,Bangalore,03 January 1900,03 January 1900,Ajay singh,dzgdzg,,1
vishal jaiswal,sourav mishra,Bangalore,03 January 1900,03 January 1900,,,,1
,,,,,,,,1
